Category ID,Category,Cookie,Host,Set by,Duration,Days,Purpose / notes,Evidence,Observed expiry
C0001,Strictly Necessary Cookies,OptanonAlertBoxClosed,.rategain.com,OneTrust,1 year,365,Stores the visitor's cookie-consent choices.,OneTrust declared,
C0001,Strictly Necessary Cookies,OptanonConsent,.rategain.com,OneTrust,1 year,365,Stores the visitor's cookie-consent choices.,OneTrust declared,
C0001,Strictly Necessary Cookies,_dc_gtm_UA-xxxxxxxx,rategain.com,Google Tag Manager,Session,0,Used by Google Tag Manager/Analytics to help control tag loading.,OneTrust declared,
C0002,Performance Cookies,_clck,rategain.com,Microsoft Clarity,364 days,364,Microsoft Clarity analytics and session recording support.,OneTrust declared,
C0002,Performance Cookies,_clsk,rategain.com,Microsoft Clarity,Session,0,Microsoft Clarity analytics and session recording support.,OneTrust declared,
C0002,Performance Cookies,_ga,rategain.com,Google Analytics,729 days,729,Google Analytics visitor/session measurement.,OneTrust declared,
C0002,Performance Cookies,_ga_xxxxxxxxxx,rategain.com,Google Analytics,729 days,729,Google Analytics visitor/session measurement.,OneTrust declared,
C0002,Performance Cookies,_gid,rategain.com,Google Analytics,Session,0,Google Analytics visitor/session measurement.,OneTrust declared,
C0002,Performance Cookies,_omappvp,rategain.com,RateGain / site scripts,3998 days,3998,OptinMonster-style visitor persistence as declared in OneTrust.,OneTrust declared,
C0002,Performance Cookies,_uetvid,rategain.com,Microsoft Advertising,389 days,389,Microsoft Advertising/Bing event tracking.,OneTrust declared,
C0003,Functional Cookies,ANONCHK,c.clarity.ms,Microsoft Clarity,Session,0,Observed after consent; purpose not declared in OneTrust.,OneTrust declared,
C0003,Functional Cookies,MR,c.clarity.ms,Microsoft Clarity,6 days,6,Observed after consent; purpose not declared in OneTrust.,OneTrust declared,
C0003,Functional Cookies,SM,c.clarity.ms,Microsoft Clarity,Session,0,Observed after consent; purpose not declared in OneTrust.,OneTrust declared,
C0003,Functional Cookies,MUID,clarity.ms,Microsoft Clarity,389 days,389,Microsoft/Bing visitor identification and advertising/analytics support.,OneTrust declared,
C0003,Functional Cookies,__tld__,rategain.com,Segment-style analytics,Session,0,Segment-style top-level-domain detection as declared in OneTrust.,OneTrust declared,
C0003,Functional Cookies,__wpdm_client,rategain.com,WordPress Download Manager,Session,0,Microsoft Clarity analytics and session recording support.,OneTrust declared,
C0003,Functional Cookies,ajs%3Acookies,rategain.com,Segment-style analytics,364 days,364,Segment-style analytics identifier/local domain support as declared in OneTrust.,OneTrust declared,
C0003,Functional Cookies,ajs%3Atest,rategain.com,Segment-style analytics,364 days,364,Segment-style analytics identifier/local domain support as declared in OneTrust.,OneTrust declared,
C0003,Functional Cookies,ajs_anonymous_id,rategain.com,Segment-style analytics,364 days,364,Segment-style analytics identifier/local domain support as declared in OneTrust.,OneTrust declared,
C0003,Functional Cookies,CLID,www.clarity.ms,Microsoft Clarity,364 days,364,Microsoft Clarity visitor identification.,OneTrust declared,
C0004,Targeting Cookies,MSPTC,bing.com,Microsoft Advertising / Bing,389 days,389,Observed after consent; purpose not declared in OneTrust.,OneTrust declared,
C0004,Targeting Cookies,MUID,bing.com,Microsoft Advertising / Bing,389 days,389,Microsoft/Bing visitor identification and advertising/analytics support.,OneTrust declared,
C0004,Targeting Cookies,MR,c.bing.com,Microsoft Advertising / Bing,6 days,6,Observed after consent; purpose not declared in OneTrust.,OneTrust declared,
C0004,Targeting Cookies,SRM_B,c.bing.com,Microsoft Advertising / Bing,389 days,389,Observed after consent; purpose not declared in OneTrust.,OneTrust declared,
C0004,Targeting Cookies,IDE,doubleclick.net,Google Ads / DoubleClick,729 days,729,Google Ads / DoubleClick advertising measurement.,OneTrust declared,
C0004,Targeting Cookies,test_cookie,doubleclick.net,Google Ads / DoubleClick,Session,0,DoubleClick cookie-support test.,OneTrust declared,
C0004,Targeting Cookies,fr,facebook.com,Meta,89 days,89,Meta advertising delivery and measurement.,OneTrust declared,
C0004,Targeting Cookies,NID,google.com,Google,182 days,182,Google advertising/preferences cookie.,OneTrust declared,
C0004,Targeting Cookies,AnalyticsSyncHistory,linkedin.com,LinkedIn,29 days,29,LinkedIn ads/analytics synchronization.,OneTrust declared,
C0004,Targeting Cookies,bcookie,linkedin.com,LinkedIn,364 days,364,LinkedIn browser identifier.,OneTrust declared,
C0004,Targeting Cookies,li_sugr,linkedin.com,LinkedIn,89 days,89,LinkedIn advertising matching.,OneTrust declared,
C0004,Targeting Cookies,lidc,linkedin.com,LinkedIn,Session,0,LinkedIn routing/session support.,OneTrust declared,
C0004,Targeting Cookies,UserMatchHistory,linkedin.com,LinkedIn,29 days,29,LinkedIn Ads matching and measurement.,OneTrust declared,
C0004,Targeting Cookies,visitor_id,pardot.com,Salesforce Pardot,3649 days,3649,Salesforce Pardot visitor identification.,OneTrust declared,
C0004,Targeting Cookies,visitor_id#####,pardot.com,Salesforce Pardot,3649 days,3649,Salesforce Pardot visitor identification.,OneTrust declared,
C0004,Targeting Cookies,lpv413792,pi.pardot.com,Salesforce Pardot,Session,0,Salesforce Pardot landing-page/form activity tracking.,OneTrust declared,
C0004,Targeting Cookies,pardot,pi.pardot.com,Salesforce Pardot,Session,0,Salesforce Pardot session/form tracking.,OneTrust declared,
C0004,Targeting Cookies,_fbp,rategain.com,Meta,89 days,89,Meta advertising measurement.,OneTrust declared,
C0004,Targeting Cookies,_gat_UA-XXXXXX-X,rategain.com,Google Analytics,Session,0,Google Analytics visitor/session measurement.,OneTrust declared,
C0004,Targeting Cookies,_gcl_au,rategain.com,Google Ads,89 days,89,Google Ads conversion/linker measurement.,OneTrust declared,
C0004,Targeting Cookies,_lfa,rategain.com,Leadfeeder / Dealfront,364 days,364,Leadfeeder / Dealfront B2B visitor-organization identification.,OneTrust declared,
C0004,Targeting Cookies,_lfa_test_cookie_stored,rategain.com,Leadfeeder / Dealfront,Session,0,Leadfeeder / Dealfront test cookie for whether the _lfa cookie can be stored.,OneTrust declared,
C0004,Targeting Cookies,_uetsid,rategain.com,Microsoft Advertising,Session,0,Microsoft Advertising/Bing event tracking.,OneTrust declared,
C0004,Targeting Cookies,ajs_group_id,rategain.com,Segment-style analytics,364 days,364,Segment-style analytics identifier/local domain support as declared in OneTrust.,OneTrust declared,
C0004,Targeting Cookies,ajs_user_id,rategain.com,Segment-style analytics,364 days,364,Segment-style analytics identifier/local domain support as declared in OneTrust.,OneTrust declared,
C0004,Targeting Cookies,drift_aid,rategain.com,Drift,729 days,729,Drift chat/marketing identifier as declared in OneTrust.,OneTrust declared,
C0004,Targeting Cookies,drift_campaign_refresh,rategain.com,Drift,Session,0,Drift session/campaign-refresh cookie as declared in OneTrust.,OneTrust declared,
C0004,Targeting Cookies,driftt_aid,rategain.com,Drift,729 days,729,Drift chat/marketing identifier as declared in OneTrust.,OneTrust declared,
C0004,Targeting Cookies,visitor_id#####,rategain.com,Salesforce Pardot,3649 days,3649,Salesforce Pardot visitor identification.,OneTrust declared,
C0004,Targeting Cookies,pardot,ww2.rategain.com,Salesforce Pardot,Session,0,Salesforce Pardot session/form tracking.,OneTrust declared,
C0004,Targeting Cookies,visitor_id,ww2.rategain.com,Salesforce Pardot,3649 days,3649,Salesforce Pardot visitor identification.,OneTrust declared,
C0004,Targeting Cookies,TESTCOOKIESENABLED,www.youtube.com,YouTube,Session,0,YouTube cookie-support test.,OneTrust declared,
C0004,Targeting Cookies,VISITOR_INFO1_LIVE,youtube.com,YouTube,179 days,179,YouTube embedded-video preferences/measurement.,OneTrust declared,
C0004,Targeting Cookies,VISITOR_PRIVACY_METADATA,youtube.com,YouTube,179 days,179,YouTube privacy/consent metadata.,OneTrust declared,
C0004,Targeting Cookies,YSC,youtube.com,YouTube,Session,0,YouTube embedded-video session cookie.,OneTrust declared,
C0004,Targeting Cookies,__cf_bm,zoominfo.com,Cloudflare,Session,0,Cloudflare bot-management cookie on third-party resources.,OneTrust declared,
C0004,Targeting Cookies,_cfuvid,zoominfo.com,Cloudflare,Session,0,Cloudflare visitor/session identifier on third-party resources.,OneTrust declared,
Observed,Observed after Accept All - not in OneTrust declaration,MR,.bat.bing.com,Microsoft Advertising / Bing,"Observed persistent, expires 2026-08-23",,Observed after consent; purpose not declared in OneTrust.,Live browser observed after Accept All,"Observed persistent, expires 2026-08-23"
Observed,Observed after Accept All - not in OneTrust declaration,__cf_bm,.linkedin.com,Cloudflare,"Observed persistent, expires 2026-08-16",,Cloudflare bot-management cookie on third-party resources.,Live browser observed after Accept All,"Observed persistent, expires 2026-08-16"
Observed,Observed after Accept All - not in OneTrust declaration,pi,.ml314.com,Bombora / ml314,"Observed persistent, expires 2027-08-16",,Bombora / ml314 third-party tracking identifier observed after consent.,Live browser observed after Accept All,"Observed persistent, expires 2027-08-16"
Observed,Observed after Accept All - not in OneTrust declaration,_fuid,.rategain.com,RateGain / site scripts,"Observed persistent, expires 2027-09-20",,Marketing/analytics identifier observed after consent; not declared in OneTrust.,Live browser observed after Accept All,"Observed persistent, expires 2027-09-20"
Observed,Observed after Accept All - not in OneTrust declaration,_hjSession_1935520,.rategain.com,Hotjar,"Observed persistent, expires 2026-08-16",,Hotjar session/visitor analytics.,Live browser observed after Accept All,"Observed persistent, expires 2026-08-16"
Observed,Observed after Accept All - not in OneTrust declaration,_hjSessionUser_1935520,.rategain.com,Hotjar,"Observed persistent, expires 2027-08-16",,Hotjar session/visitor analytics.,Live browser observed after Accept All,"Observed persistent, expires 2027-08-16"
Observed,Observed after Accept All - not in OneTrust declaration,bscookie,.www.linkedin.com,LinkedIn,"Observed persistent, expires 2027-08-16",,LinkedIn secure browser identifier.,Live browser observed after Accept All,"Observed persistent, expires 2027-08-16"
